timestamp,id,model,quality,n,est_usd,usage
2026-10-03T21:46:36.518Z,screen.coming-soon,gpt-image-2,low,2,0.040,"{'input_tokens':6402,'input_tokens_details':{'image_tokens':6032,'text_tokens':370},'output_tokens':315,'output_tokens_details':{'image_tokens':315,'text_tokens':0},'total_tokens':6717}"
2026-10-03T21:46:37.132Z,title.bg,gpt-image-2,low,2,0.040,"{'input_tokens':3494,'input_tokens_details':{'image_tokens':3016,'text_tokens':478},'output_tokens':315,'output_tokens_details':{'image_tokens':315,'text_tokens':0},'total_tokens':3809}"
2026-10-03T21:47:32.690Z,title.logo,gpt-image-1.5,low,2,0.040,"{'input_tokens':998,'input_tokens_details':{'image_tokens':646,'text_tokens':352},'output_tokens':1297,'output_tokens_details':{'image_tokens':800,'text_tokens':497},'total_tokens':2295}"
2026-10-03T21:48:54.243Z,title.bg,gpt-image-2,high,2,0.500,"{'input_tokens':3494,'input_tokens_details':{'image_tokens':3016,'text_tokens':478},'output_tokens':10976,'output_tokens_details':{'image_tokens':10976,'text_tokens':0},'total_tokens':14470}"
2026-10-03T21:49:10.371Z,screen.coming-soon,gpt-image-2,high,2,0.500,"{'input_tokens':6402,'input_tokens_details':{'image_tokens':6032,'text_tokens':370},'output_tokens':10976,'output_tokens_details':{'image_tokens':10976,'text_tokens':0},'total_tokens':17378}"
2026-10-03T21:49:59.651Z,title.logo,gpt-image-2,medium,2,0.140,"{'input_tokens':3386,'input_tokens_details':{'image_tokens':3016,'text_tokens':370},'output_tokens':2744,'output_tokens_details':{'image_tokens':2744,'text_tokens':0},'total_tokens':6130}"
2026-10-04T05:39:26.705Z,block.call,gpt-image-2,low,2,0.040,"{'input_tokens':3422,'input_tokens_details':{'image_tokens':3016,'text_tokens':406},'output_tokens':315,'output_tokens_details':{'image_tokens':315,'text_tokens':0},'total_tokens':3737}"
2026-10-04T05:39:27.447Z,item.nut,gpt-image-2,low,2,0.040,"{'input_tokens':428,'input_tokens_details':{'image_tokens':0,'text_tokens':428},'output_tokens':391,'output_tokens_details':{'image_tokens':391,'text_tokens':0},'total_tokens':819}"
2026-10-04T05:39:30.570Z,enemy.trolley,gpt-image-2,low,2,0.040,"{'input_tokens':3618,'input_tokens_details':{'image_tokens':3016,'text_tokens':602},'output_tokens':315,'output_tokens_details':{'image_tokens':315,'text_tokens':0},'total_tokens':3933}"
2026-10-04T05:39:31.204Z,w5.seat,gpt-image-2,low,2,0.040,"{'input_tokens':3534,'input_tokens_details':{'image_tokens':3016,'text_tokens':518},'output_tokens':315,'output_tokens_details':{'image_tokens':315,'text_tokens':0},'total_tokens':3849}"
2026-10-04T05:39:32.493Z,char.yaniv.sheet,gpt-image-2,low,2,0.040,"{'input_tokens':6586,'input_tokens_details':{'image_tokens':6032,'text_tokens':554},'output_tokens':315,'output_tokens_details':{'image_tokens':315,'text_tokens':0},'total_tokens':6901}"
2026-10-04T05:39:39.516Z,w5.curtain,gpt-image-2,low,2,0.040,"{'input_tokens':3378,'input_tokens_details':{'image_tokens':3016,'text_tokens':362},'output_tokens':315,'output_tokens_details':{'image_tokens':315,'text_tokens':0},'total_tokens':3693}"
2026-10-04T05:39:39.759Z,w5.bg.wall,gpt-image-2,low,2,0.040,"{'input_tokens':3408,'input_tokens_details':{'image_tokens':3016,'text_tokens':392},'output_tokens':315,'output_tokens_details':{'image_tokens':315,'text_tokens':0},'total_tokens':3723}"
2026-10-04T05:39:40.035Z,w5.tex.floor,gpt-image-2,low,2,0.040,"{'input_tokens':3300,'input_tokens_details':{'image_tokens':3016,'text_tokens':284},'output_tokens':315,'output_tokens_details':{'image_tokens':315,'text_tokens':0},'total_tokens':3615}"
2026-10-04T05:39:42.162Z,hud.icons,gpt-image-2,low,2,0.040,"{'input_tokens':372,'input_tokens_details':{'image_tokens':0,'text_tokens':372},'output_tokens':391,'output_tokens_details':{'image_tokens':391,'text_tokens':0},'total_tokens':763}"
2026-10-04T05:39:44.214Z,w5.tex.bin,gpt-image-2,low,2,0.040,"{'input_tokens':3304,'input_tokens_details':{'image_tokens':3016,'text_tokens':288},'output_tokens':315,'output_tokens_details':{'image_tokens':315,'text_tokens':0},'total_tokens':3619}"
2026-10-04T05:41:16.851Z,yaniv.small,gpt-image-2,low,2,0.040,"{'input_tokens':7048,'input_tokens_details':{'image_tokens':6088,'text_tokens':960},'output_tokens':315,'output_tokens_details':{'image_tokens':315,'text_tokens':0},'total_tokens':7363}"
2026-10-04T05:44:14.985Z,yaniv.small,gpt-image-2,low,2,0.040,"{'input_tokens':7154,'input_tokens_details':{'image_tokens':6088,'text_tokens':1066},'output_tokens':315,'output_tokens_details':{'image_tokens':315,'text_tokens':0},'total_tokens':7469}"
2026-10-04T05:44:23.395Z,w5.tex.bin,gpt-image-2,medium,2,0.140,"{'input_tokens':3304,'input_tokens_details':{'image_tokens':3016,'text_tokens':288},'output_tokens':2744,'output_tokens_details':{'image_tokens':2744,'text_tokens':0},'total_tokens':6048}"
2026-10-04T05:44:24.067Z,block.call,gpt-image-2,medium,2,0.140,"{'input_tokens':3422,'input_tokens_details':{'image_tokens':3016,'text_tokens':406},'output_tokens':2744,'output_tokens_details':{'image_tokens':2744,'text_tokens':0},'total_tokens':6166}"
2026-10-04T05:44:24.631Z,w5.tex.floor,gpt-image-2,medium,2,0.140,"{'input_tokens':3300,'input_tokens_details':{'image_tokens':3016,'text_tokens':284},'output_tokens':2744,'output_tokens_details':{'image_tokens':2744,'text_tokens':0},'total_tokens':6044}"
2026-10-04T05:44:31.548Z,item.nut,gpt-image-2,medium,2,0.140,"{'input_tokens':428,'input_tokens_details':{'image_tokens':0,'text_tokens':428},'output_tokens':3512,'output_tokens_details':{'image_tokens':3512,'text_tokens':0},'total_tokens':3940}"
2026-10-04T05:44:32.266Z,hud.icons,gpt-image-2,medium,2,0.140,"{'input_tokens':372,'input_tokens_details':{'image_tokens':0,'text_tokens':372},'output_tokens':3512,'output_tokens_details':{'image_tokens':3512,'text_tokens':0},'total_tokens':3884}"
2026-10-04T05:45:05.490Z,w5.seat,gpt-image-2,high,2,0.500,"{'input_tokens':3534,'input_tokens_details':{'image_tokens':3016,'text_tokens':518},'output_tokens':10976,'output_tokens_details':{'image_tokens':10976,'text_tokens':0},'total_tokens':14510}"
2026-10-04T05:45:09.486Z,w5.bg.wall,gpt-image-2,high,2,0.500,"{'input_tokens':3408,'input_tokens_details':{'image_tokens':3016,'text_tokens':392},'output_tokens':10976,'output_tokens_details':{'image_tokens':10976,'text_tokens':0},'total_tokens':14384}"
2026-10-04T05:45:10.683Z,enemy.trolley,gpt-image-2,high,2,0.500,"{'input_tokens':3626,'input_tokens_details':{'image_tokens':3016,'text_tokens':610},'output_tokens':10976,'output_tokens_details':{'image_tokens':10976,'text_tokens':0},'total_tokens':14602}"
2026-10-04T05:45:12.240Z,w5.curtain,gpt-image-2,high,2,0.500,"{'input_tokens':3378,'input_tokens_details':{'image_tokens':3016,'text_tokens':362},'output_tokens':10976,'output_tokens_details':{'image_tokens':10976,'text_tokens':0},'total_tokens':14354}"
2026-10-04T05:46:39.344Z,yaniv.small,gpt-image-2,low,2,0.040,"{'input_tokens':7218,'input_tokens_details':{'image_tokens':6088,'text_tokens':1130},'output_tokens':315,'output_tokens_details':{'image_tokens':315,'text_tokens':0},'total_tokens':7533}"
2026-10-04T05:47:57.230Z,yaniv.small,gpt-image-2,high,2,0.500,"{'input_tokens':7218,'input_tokens_details':{'image_tokens':6088,'text_tokens':1130},'output_tokens':10976,'output_tokens_details':{'image_tokens':10976,'text_tokens':0},'total_tokens':18194}"
2026-10-04T05:49:34.761Z,w5.bg.wall,gpt-image-2,low,2,0.040,"{'input_tokens':3514,'input_tokens_details':{'image_tokens':3016,'text_tokens':498},'output_tokens':315,'output_tokens_details':{'image_tokens':315,'text_tokens':0},'total_tokens':3829}"
2026-10-04T05:50:52.194Z,w5.bg.wall,gpt-image-2,high,2,0.500,"{'input_tokens':3514,'input_tokens_details':{'image_tokens':3016,'text_tokens':498},'output_tokens':10976,'output_tokens_details':{'image_tokens':10976,'text_tokens':0},'total_tokens':14490}"
